src_ip_entropy, src_port_entropy, dst_port_entropy, protocol_entropy, total_packets, label
1.0,-0.0,-0.0,-0.0,0,0
1.0,-0.0,-0.0,-0.0,8,0
1.0,-0.0,-0.0,-0.0,16,0
1.0,-0.0,-0.0,-0.0,24,0
1.0,-0.0,-0.0,-0.0,32,0
1.0,-0.0,-0.0,-0.0,40,0
1.0,-0.0,-0.0,-0.0,48,0
1.0,-0.0,-0.0,-0.0,56,0
1.0,-0.0,-0.0,-0.0,64,0
1.0,-0.0,-0.0,-0.0,72,0
1.0,-0.0,-0.0,-0.0,80,0
1.0,-0.0,-0.0,-0.0,88,0
1.0,-0.0,-0.0,-0.0,96,0
1.0,-0.0,-0.0,-0.0,104,0
1.0,-0.0,-0.0,-0.0,112,0
1.0,-0.0,-0.0,-0.0,120,0
1.0,-0.0,-0.0,-0.0,128,0
1.0,-0.0,-0.0,-0.0,136,0
1.0,-0.0,-0.0,-0.0,144,0
1.0,-0.0,-0.0,-0.0,152,0
1.0,-0.0,-0.0,-0.0,160,0
1.0,-0.0,-0.0,-0.0,168,0
1.0,-0.0,-0.0,-0.0,172,0
1.0,-0.0,-0.0,-0.0,184,0
1.0,-0.0,-0.0,-0.0,188,0
1.0,-0.0,-0.0,-0.0,196,0
1.0,-0.0,-0.0,-0.0,208,0
1.0,-0.0,-0.0,-0.0,212,0
1.0,-0.0,-0.0,-0.0,220,0
1.0,-0.0,-0.0,-0.0,228,0
1.0,-0.0,-0.0,-0.0,236,0
1.0,-0.0,-0.0,-0.0,244,0
1.0,-0.0,-0.0,-0.0,252,0
1.0,-0.0,-0.0,-0.0,260,0
1.0,-0.0,-0.0,-0.0,268,0
1.0,-0.0,-0.0,-0.0,276,0
1.0,-0.0,-0.0,-0.0,284,0
1.0,-0.0,-0.0,-0.0,292,0
1.0,-0.0,-0.0,-0.0,300,0
1.0,-0.0,-0.0,-0.0,308,0
1.0,-0.0,-0.0,-0.0,316,0
1.0,-0.0,-0.0,-0.0,324,0
1.0,-0.0,-0.0,-0.0,332,0
1.0,-0.0,-0.0,-0.0,340,0
1.0,-0.0,-0.0,-0.0,348,0
1.0,-0.0,-0.0,-0.0,356,0
1.0,-0.0,-0.0,-0.0,364,0
1.0,-0.0,-0.0,-0.0,372,0
1.0,-0.0,-0.0,-0.0,380,0
1.0,-0.0,-0.0,-0.0,388,0
1.0,-0.0,-0.0,-0.0,6,0
1.0,-0.0,-0.0,-0.0,14,0
1.0,-0.0,-0.0,-0.0,22,0
1.0,-0.0,-0.0,-0.0,30,0
1.0,-0.0,-0.0,-0.0,38,0
1.0,-0.0,-0.0,-0.0,46,0
1.0,-0.0,-0.0,-0.0,54,0
1.0,-0.0,-0.0,-0.0,62,0
1.0,-0.0,-0.0,-0.0,70,0
1.0,-0.0,-0.0,-0.0,78,0
1.0,-0.0,-0.0,-0.0,86,0
1.0,-0.0,-0.0,-0.0,94,0
1.0,-0.0,-0.0,-0.0,102,0
1.0,-0.0,-0.0,-0.0,106,0
1.0,-0.0,-0.0,-0.0,118,0
1.0,-0.0,-0.0,-0.0,122,0
1.0,-0.0,-0.0,-0.0,130,0
1.0,-0.0,-0.0,-0.0,138,0
1.0,-0.0,-0.0,-0.0,150,0
1.9709505944546686,1.5709505944546684,1.5709505944546684,0.9709505944546686,158,0
1.811278124459133,1.936278124459133,1.936278124459133,0.8112781244591328,162,0
1.5916727785823275,2.3059584928680414,2.305958492868042,0.5916727785823275,174,0
1.4689955935892813,2.5322287189138017,2.5322287189138017,0.4689955935892812,182,0
1.4262286569981448,2.620890686633138,2.620890686633138,0.4262286569981449,186,0
1.337290066617014,2.8319438610954655,2.831943861095465,0.3372900666170139,198,0
1.3159971329784248,2.889729181764578,2.8897291817645785,0.31599713297842463,206,0
1.2667649878030263,3.0384571096941557,3.0384571096941553,0.26676498780302604,210,0
1.2422921890824146,3.1222921890824145,3.1222921890824145,0.24229218908241482,218,0
1.2318130500245903,3.160686681192207,3.1606866811922067,0.2318130500245902,230,0
1.2318130500245903,3.160686681192207,3.1606866811922067,0.2318130500245902,234,0
1.2422921890824146,3.122292189082414,3.1222921890824145,0.24229218908241482,242,0
1.2318130500245903,3.160686681192207,3.1606866811922067,0.2318130500245902,250,0
1.23181305002459,3.160686681192207,3.1606866811922067,0.2318130500245902,258,0
1.23181305002459,3.160686681192207,3.1606866811922067,0.2318130500245902,266,0
1.2422921890824146,3.1222921890824145,3.1222921890824145,0.24229218908241482,274,0
1.2422921890824146,3.1222921890824145,3.1222921890824145,0.24229218908241482,282,0
1.2811937964320428,2.992378540425977,2.992378540425977,0.2811937964320427,290,0
1.266764987803026,3.038457109694156,3.0384571096941557,0.26676498780302604,298,0
1.2538784402981615,3.0816452147916022,3.081645214791602,0.25387844029816153,306,0
1.2422921890824146,3.122292189082414,3.1222921890824145,0.24229218908241482,314,0
1.23181305002459,3.160686681192207,3.1606866811922067,0.2318130500245902,322,0
1.2318130500245903,3.160686681192207,3.1606866811922067,0.2318130500245902,330,0
1.3715289840260234,3.197070099238232,3.1970700992382315,0.222284830685688,338,0
1.5386610620308017,3.2960503305213193,3.2960503305213193,0.19823496409776623,346,0
1.5666756114537805,3.3261574226822948,3.3261574226822948,0.19143325481419343,354,0
1.6142501532108384,3.4309057274658517,3.3068262441279934,0.18213846457886634,362,0
1.6142268378049982,3.409425570946343,3.4094255709463432,0.173781322679433,370,0
1.6372637762990725,3.4351252940904513,3.4351252940904518,0.16866093149667025,378,0
1.6396716228704242,3.4599200771778404,3.4599200771778404,0.1638605128691584,386,0
1.654078064388071,3.4351252940904513,3.4351252940904518,0.16866093149667025,2,0
1.6513293799855377,3.45992007717784,3.4599200771778396,0.1638605128691584,10,0
1.6478045427316141,3.4351252940904513,3.4351252940904518,0.16866093149667025,18,0
1.6466468719268366,3.409425570946343,3.4094255709463424,0.173781322679433,26,0
1.6380522119706202,3.3550245838183907,3.3550245838183907,0.1851247601005459,34,0
1.6293594067588153,3.3261574226822948,3.3261574226822948,0.19143325481419343,42,0
1.615224223105689,3.231646495561027,3.2316464955610265,0.21357981533827733,50,0
1.5722390650323539,3.2316464955610265,3.2316464955610265,0.21357981533827733,58,0
1.5552756506930576,3.160686681192207,3.1606866811922067,0.2318130500245902,66,0
1.2667649878030263,3.0384571096941557,3.0384571096941553,0.26676498780302604,74,0
1.2538784402981618,3.0816452147916027,3.081645214791602,0.25387844029816153,82,0
1.2667649878030263,3.0384571096941557,3.0384571096941553,0.26676498780302604,90,0
1.2667649878030263,3.0384571096941557,3.0384571096941553,0.26676498780302604,94,0
1.266764987803026,3.038457109694156,3.0384571096941557,0.26676498780302604,102,0
1.2538784402981615,3.0816452147916022,3.081645214791602,0.25387844029816153,114,0
1.266764987803026,3.038457109694156,3.0384571096941557,0.26676498780302604,118,0
1.2538784402981615,3.0816452147916022,3.081645214791602,0.25387844029816153,130,0
1.2538784402981618,3.0816452147916027,3.081645214791602,0.25387844029816153,138,0
1.2422921890824146,3.1222921890824145,3.1222921890824145,0.24229218908241482,142,0
1.2422921890824146,3.1222921890824145,3.1222921890824145,0.24229218908241482,154,0
1.23181305002459,3.160686681192207,3.1606866811922067,0.2318130500245902,158,0
1.222284830685688,3.197070099238232,3.1970700992382315,0.222284830685688,170,0
1.2135798153382773,3.231646495561027,3.2316464955610265,0.21357981533827733,174,0
1.2318130500245903,3.160686681192207,3.1606866811922067,0.2318130500245902,182,0
1.2538784402981615,3.0816452147916022,3.081645214791602,0.25387844029816153,190,0
1.2667649878030263,3.0384571096941557,3.0384571096941553,0.26676498780302604,198,0
1.2974722489192896,2.9429808018924684,2.942980801892469,0.2974722489192896,206,0
1.337290066617014,2.831943861095466,2.831943861095465,0.3372900666170139,214,0
1.3912435636292555,2.6989358713215634,2.6989358713215634,0.39124356362925566,222,0
1.4262286569981448,2.620890686633138,2.620890686633138,0.4262286569981449,230,0
1.5916727785823275,2.3059584928680414,2.305958492868042,0.5916727785823275,238,0
1.811278124459133,1.936278124459133,1.936278124459133,0.8112781244591328,246,0
1.0,-0.0,-0.0,-0.0,254,0
1.0,-0.0,-0.0,-0.0,262,0
1.9182958340544893,1.9182958340544896,1.9182958340544896,0.9182958340544896,270,0
1.7219280948873623,2.3219280948873626,2.321928094887362,0.7219280948873623,278,0
1.6500224216483543,2.4508257945180882,2.4508257945180882,0.6500224216483541,286,0
1.5032583347756456,2.725480556997868,2.725480556997868,0.5032583347756457,294,0
1.4689955935892813,2.7954618442383214,2.795461844238322,0.4689955935892812,302,0
1.413816850303634,2.916056342179062,2.9160563421790617,0.41381685030363374,310,0
1.3533593350214213,3.063458298648303,3.063458298648303,0.35335933502142136,318,0
1.322756958897398,3.146286370662103,3.146286370662103,0.3227569588973982,326,0
1.309543429150325,3.1841786597407618,3.184178659740762,0.3095434291503252,334,0
1.2974722489192896,3.2200683022340684,3.220068302234069,0.2974722489192896,342,0
1.3095434291503252,3.1841786597407618,3.184178659740762,0.3095434291503252,350,0
1.309543429150325,3.1841786597407618,3.184178659740762,0.3095434291503252,358,0
1.3095434291503252,3.1841786597407618,3.184178659740762,0.3095434291503252,366,0
1.322756958897398,3.146286370662103,3.1462863706621036,0.3227569588973982,374,0
1.309543429150325,3.1841786597407618,3.184178659740762,0.3095434291503252,382,0
1.322756958897398,3.146286370662103,3.1462863706621036,0.3227569588973982,390,0
1.3533593350214213,3.063458298648303,3.063458298648303,0.35335933502142136,7,0
1.337290066617014,3.1061450333085068,3.1061450333085068,0.3372900666170139,15,0
1.322756958897398,3.146286370662103,3.1462863706621036,0.3227569588973982,23,0
1.3095434291503252,3.1841786597407618,3.184178659740762,0.3095434291503252,31,0
1.309543429150325,3.1841786597407618,3.184178659740762,0.3095434291503252,39,0
1.2974722489192896,3.2200683022340684,3.220068302234069,0.2974722489192896,47,0
1.2974722489192896,3.2200683022340684,3.220068302234069,0.2974722489192896,55,0
1.2974722489192896,3.220068302234069,3.220068302234069,0.2974722489192896,63,0
1.3095434291503252,3.1841786597407618,3.184178659740762,0.3095434291503252,71,0
1.2974722489192896,3.2200683022340684,3.220068302234069,0.2974722489192896,79,0
1.2974722489192896,3.220068302234069,3.220068302234069,0.2974722489192896,83,0
1.3095434291503252,3.1841786597407618,3.184178659740762,0.3095434291503252,91,0
1.322756958897398,3.146286370662103,3.146286370662103,0.3227569588973982,103,0
1.3095434291503252,3.1841786597407618,3.184178659740762,0.3095434291503252,111,0
1.337290066617014,3.1061450333085068,3.1061450333085068,0.3372900666170139,119,0
1.3712323266408757,3.0178650529206683,3.017865052920669,0.37123232664087563,127,0
1.3912435636292557,2.968918563962096,2.968918563962096,0.39124356362925566,135,0
1.4394969869215133,2.858555211870314,2.858555211870314,0.4394969869215134,143,0
1.4689955935892813,2.795461844238322,2.795461844238322,0.4689955935892812,151,0
1.5435644431995963,2.646782221599798,2.646782221599798,0.5435644431995964,159,0
1.5916727785823275,2.556656707462823,2.556656707462823,0.5916727785823275,167,0
1.7219280948873623,2.3219280948873626,2.321928094887362,0.7219280948873623,175,0
1.811278124459133,2.1556390622295662,2.1556390622295662,0.8112781244591328,179,0
1.0,-0.0,-0.0,-0.0,187,0
1.0,-0.0,-0.0,-0.0,195,0
1.0,-0.0,-0.0,-0.0,203,0
1.0,-0.0,-0.0,-0.0,211,0
1.0,-0.0,-0.0,-0.0,219,0
1.0,-0.0,-0.0,-0.0,227,0
1.0,-0.0,-0.0,-0.0,235,0
1.0,-0.0,-0.0,-0.0,243,0
1.9182958340544893,1.9182958340544896,1.9182958340544896,0.9182958340544896,251,0
1.6500224216483543,2.4508257945180882,2.4508257945180882,0.6500224216483541,259,0
1.5916727785823275,2.556656707462823,2.556656707462823,0.5916727785823275,267,0
1.4689955935892813,2.7954618442383214,2.795461844238322,0.4689955935892812,275,0
1.4394969869215133,2.858555211870314,2.858555211870314,0.4394969869215134,283,0
1.4138168503036337,2.916056342179062,2.916056342179062,0.41381685030363374,291,0
1.353359335021421,3.0634582986483037,3.0634582986483037,0.35335933502142136,299,0
1.337290066617014,3.1061450333085068,3.1061450333085068,0.3372900666170139,307,0
1.309543429150325,3.1841786597407618,3.184178659740762,0.3095434291503252,315,0
1.2974722489192896,3.2200683022340684,3.220068302234069,0.2974722489192896,323,0
1.309543429150325,3.1841786597407618,3.184178659740762,0.3095434291503252,331,0
1.337290066617014,3.1061450333085068,3.1061450333085068,0.3372900666170139,339,0
1.322756958897398,3.146286370662103,3.1462863706621036,0.3227569588973982,347,0
1.337290066617014,3.1061450333085068,3.1061450333085068,0.3372900666170139,355,0
1.337290066617014,3.1061450333085068,3.1061450333085068,0.3372900666170139,363,0
1.322756958897398,3.146286370662103,3.1462863706621036,0.3227569588973982,371,0
1.353359335021421,3.0634582986483037,3.0634582986483037,0.35335933502142136,379,0
1.353359335021421,3.0634582986483037,3.0634582986483037,0.35335933502142136,387,0
1.5712481188031648,3.226182599732405,2.928711058419244,0.345117314944953,4,0
1.9328251714763534,3.398624283156537,2.861429095112521,0.31599713297842463,12,0
2.257640353086614,3.6077184822657307,2.7041198232831873,0.2974722489192896,20,0
2.495206429057994,3.811563613572593,2.620524144928304,0.27138958750811115,28,1
2.58639288553446,3.976017682780225,2.4966627081505957,0.2580186686648155,36,1
2.872090842749471,4.11644830505532,2.322940153897466,0.25387844029816153,44,1
3.1435395023102584,4.25085984106991,2.295800655616868,0.2318130500245902,58,1
3.330085672565294,4.378085278891397,2.2038068995229967,0.222284830685688,66,1
3.4488555348308725,4.499903635583755,2.179019706287645,0.208180945557171,74,1
3.555958141504413,4.610946770152454,2.1586169416356604,0.19590927087360493,78,1
3.4649439758404785,4.53703983557171,2.244712714119433,0.19823496409776623,90,1
3.328282865878692,4.468786574203437,2.226777007202572,0.208180945557171,94,1
3.2011723957141456,4.344959221421169,2.25453091054551,0.222284830685688,102,1
3.1119538982210244,4.199454880984344,2.224824177288545,0.2460225782203316,110,1
3.171988102800346,4.030410669586305,2.1931546638975727,0.2761954276479391,118,1
3.0030415493244935,3.846805899294051,2.2389052098044577,0.30337483608641397,126,1
2.708901252629226,3.623705563421668,2.200786166646137,0.362051251733998,128,1
2.513397804403961,3.315738006876834,2.181899057917561,0.4394969869215134,136,1
2.241946032206046,2.882588730501833,2.1735572622751858,0.5665095065529053,144,1
1.811278124459133,2.1556390622295662,2.1556390622295662,0.8112781244591328,152,0
2.0,1.5,1.5,1.0,160,0
1.0,-0.0,-0.0,-0.0,168,0
1.0,-0.0,-0.0,-0.0,176,0
1.0,-0.0,-0.0,-0.0,188,0
1.0,-0.0,-0.0,-0.0,192,0
1.0,-0.0,-0.0,-0.0,200,0
1.0,-0.0,-0.0,-0.0,208,0
1.0,-0.0,-0.0,-0.0,216,0
1.0,-0.0,-0.0,-0.0,224,0
1.0,-0.0,-0.0,-0.0,232,0
1.0,-0.0,-0.0,-0.0,240,0
1.0,-0.0,-0.0,-0.0,248,0
1.0,-0.0,-0.0,-0.0,256,0
1.0,-0.0,-0.0,-0.0,264,0
1.0,-0.0,-0.0,-0.0,272,0
1.0,-0.0,-0.0,-0.0,280,0
1.0,-0.0,-0.0,-0.0,288,0
1.0,-0.0,-0.0,-0.0,296,0
1.0,-0.0,-0.0,-0.0,304,0
1.0,-0.0,-0.0,-0.0,312,0
1.0,-0.0,-0.0,-0.0,320,0
1.0,-0.0,-0.0,-0.0,328,0
1.0,-0.0,-0.0,-0.0,336,0
4.160474332860025,4.083551255936948,0.39124356362925566,0.39124356362925566,344,1
6.207032894634796,6.188851076452978,0.13110652958234503,0.13110652958234503,352,1
7.043028024326289,7.03287574006233,0.08180100127782765,0.08180100127782765,360,1
7.576482245504906,7.569476991564451,0.060209995884307366,0.060209995884307366,368,1
7.935899042941808,7.930442017020936,0.04887542066541201,0.04887542066541201,376,1
8.255381959920706,8.251005592305829,0.04059336498332869,0.04059336498332869,384,1
8.495352830605377,8.491652553084563,0.03521988293898738,0.03521988293898738,392,1
8.700003741550718,8.696793468677525,0.031214976531355024,0.031214976531355024,5,1
8.866890262528685,8.864031077396447,0.02827965933802907,0.02827965933802907,13,1
9.03857399513301,9.03603592406702,0.025540392076598684,0.025540392076598684,21,1
9.128958927610658,9.126575137384197,0.024203816763258616,0.024203816763258616,29,1
9.121207685917113,9.115216074173555,0.024315717396685168,0.024315717396685168,37,1
9.12007749999211,9.110450544516778,0.024403519177110908,0.024403519177110908,45,1
9.24962347617448,9.23783446940666,0.02313121776687007,0.02313121776687007,53,1
9.349396568612756,9.338166222370283,0.022186102817206864,0.022186102817206864,62,1
9.464726373143781,9.451094518843135,0.02108671938659069,0.02108671938659069,70,1
9.561009399652574,9.548036089037948,0.020206213113637798,0.020206213113637798,78,1
9.633563309560127,9.613710576856388,0.0196034283507716,0.0196034283507716,86,1
9.713704073419981,9.697322236987715,0.018934628749621762,0.018934628749621762,94,1
9.776764927958945,9.761239055809142,0.018450187724181354,0.018450187724181354,102,1
9.84359721291193,9.833626857174107,0.017926011760001234,0.017926011760001234,110,1
9.932489186311653,9.925399712354666,0.017178698327253893,0.017178698327253893,120,1
9.90318942249459,9.896642777650072,0.017506615981329063,0.017506615981329063,130,1
10.013909217299407,10.003406591642996,0.01623716920095517,0.01623716920095517,139,1
10.074052821305237,10.063464971717016,0.015532381400671702,0.015532381400671702,147,1
10.150127896931151,10.137482187358867,0.014733456134048133,0.014733456134048133,157,1
10.160749415673864,10.145279562213123,0.01461433061298064,0.01461433061298064,165,1
10.175328635643545,10.156239894145232,0.014373972516600747,0.014373972516600747,173,1
10.206878768903625,10.181814303324385,0.014021056996053157,0.014021056996053157,181,1
10.332543041654642,10.307030392850773,0.012946146952715013,0.012946146952715013,189,1
10.35075009544766,10.32683586024296,0.012741060337325754,0.012741060337325754,201,1
10.443821023152182,10.417017811428444,0.012004692720271146,0.012004692720271146,209,1
10.44488397377758,10.419168189336586,0.011993599049507317,0.011993599049507317,216,1
10.48905608654162,10.464125768822507,0.011673236289712239,0.011673236289712239,224,1
10.462144932439914,10.432114068481178,0.011864860918435737,0.011864860918435737,230,1
10.518380166021556,10.487558352711007,0.011467878407683221,0.011467878407683221,238,1
10.57435792378337,10.54118304146072,0.011086349217889955,0.011086349217889955,246,1
10.610918783658832,10.573048814201734,0.010843616325243935,0.010843616325243935,258,1
10.580054243650443,10.550685945646151,0.011039670793810769,0.011039670793810769,266,1
10.633702800879107,10.599697045360738,0.01068940598494552,0.01068940598494552,275,1
10.609584990760004,10.576123477402332,0.010854812375343149,0.010854812375343149,284,1
10.562653882456239,10.533510049726196,0.011171435411336854,0.011171435411336854,292,1
10.452135453760224,10.425529115032472,0.011957694553380697,0.011957694553380697,299,1
10.361195081512852,10.333591855544379,0.012861989524097518,0.012861989524097518,311,1
10.407448603051465,10.367139457954323,0.012274731942362446,0.012274731942362446,321,1
10.331546528294254,10.297823669626496,0.012849145314166926,0.012849145314166926,329,1
10.300215417704246,10.271740331854453,0.013107977534174484,0.013107977534174484,337,1
10.253400657019354,10.230574079571081,0.013476778883280784,0.013476778883280784,345,1
10.204938067408632,10.184821083101475,0.013875920856489865,0.013875920856489865,352,1
10.236735989525329,10.21582518864895,0.013616757393748529,0.013616757393748529,359,1
10.323513222345035,10.301500591793413,0.012929872014874952,0.012929872014874952,367,1
10.366109379470002,10.35084237921348,0.012585575076250046,0.012585575076250046,379,1
10.501563863526087,10.482275113682327,0.011636736296553995,0.011636736296553995,389,1
10.331438537789703,10.31156478689102,0.012839530035525203,0.012839530035525203,7,1
10.470325502654292,10.448214199320876,0.011794896685406698,0.011794896685406698,15,1
10.481049243959317,10.456223621251379,0.011720523808441446,0.011720523808441446,24,1
10.49535179723268,10.4715215726079,0.01164193573360837,0.01164193573360837,36,1
10.520376000018588,10.502625617381215,0.011510872775383412,0.011510872775383412,47,1
10.489971359537618,10.47111423855495,0.01182707866653979,0.01182707866653979,56,1
10.509676079784343,10.486396180666778,0.011551652054883298,0.011551652054883298,65,1
10.530131845013653,10.508737985926114,0.011631541789542184,0.011631541789542184,75,1
10.488148932060426,10.466655174076331,0.012038104943222164,0.012038104943222164,83,1
10.575446895205745,10.556570383187246,0.011457811598938411,0.011457811598938411,94,1
10.570163290560204,10.55425786583638,0.011133448714362159,0.011133448714362159,106,1
10.581703702048765,10.560634534980421,0.01120969838262692,0.01120969838262692,115,1
10.560972772337013,10.539929387411442,0.011197711340285642,0.011197711340285642,121,1
10.4752155252128,10.459346935052507,0.011985293079251823,0.011985293079251823,128,1
10.43449699796676,10.419069366901777,0.012202424402886042,0.012202424402886042,138,1
10.296612938512801,10.280915315271812,0.01313480840252167,0.01313480840252167,145,1
10.265145820165683,10.246299851497659,0.013638567603090642,0.013638567603090642,153,1
10.281129955326618,10.256241401207719,0.013678746593786605,0.013678746593786605,157,1
10.317622758965891,10.295034642955608,0.013312097422670132,0.013312097422670132,165,1
10.16832973051095,10.150574974364844,0.01422498283095427,0.01422498283095427,174,1
10.139814475132548,10.125881820822624,0.014427112028684306,0.014427112028684306,182,1
10.191385881723583,10.177575611282965,0.013990234167798512,0.013990234167798512,190,1
10.276120971983625,10.2551687463243,0.013301730934988747,0.013301730934988747,203,1
10.335822483631734,10.311080939364063,0.012858775913339174,0.012858775913339174,210,1
10.378169310515958,10.353097348742226,0.012539712450370416,0.012539712450370416,218,1
10.444269866904788,10.422886338705169,0.012057686824808497,0.012057686824808497,226,1
10.472580956381146,10.447031211712073,0.011835153333220407,0.011835153333220407,234,1
10.408568502250954,10.38818714050996,0.012345009325406426,0.012345009325406426,242,1
10.44897043548635,10.424208430530093,0.012007469545465778,0.012007469545465778,251,1
10.397408211708266,10.373201215479524,0.0127284713410983,0.0127284713410983,263,1
10.331510168574306,10.30707529155969,0.01296900517644377,0.01296900517644377,271,1
10.305400362066166,10.281845853597453,0.013118025443262812,0.013118025443262812,278,1
10.302966491583428,10.284976154181825,0.013097945974916264,0.013097945974916264,286,1
10.255217732658817,10.236392531672912,0.013462594875673807,0.013462594875673807,294,1
10.25009845343006,10.238156916959566,0.013487437764412046,0.013487437764412046,306,1
10.29969799587218,10.283469881116956,0.013094605748076225,0.013094605748076225,315,1
10.20263869472248,10.180543638239088,0.013948087352964265,0.013948087352964265,321,1
10.268937490773276,10.245730352916837,0.013364188661089058,0.013364188661089058,333,1
10.3785534728341,10.35560568117068,0.012719046931112785,0.012719046931112785,343,1
10.312603248657975,10.296530449386196,0.012985385088306147,0.012985385088306147,351,1
10.280664841404063,10.266507717978381,0.013246731607319165,0.013246731607319165,359,1
10.248195202818309,10.239156716069132,0.013537417227832109,0.013537417227832109,367,1
10.276081452572926,10.267577654145768,0.013284491547771397,0.013284491547771397,375,1
10.203878906092436,10.194315621074658,0.007562137192220562,0.007562137192220562,193,1
10.07217013760045,10.061967697372241,0.015040519732288163,0.015040519732288163,3,1
10.082406880278144,10.071887019053365,0.014946978767980136,0.014946978767980136,15,1
10.11139831126606,10.095447289552734,0.01469494097614537,0.01469494097614537,22,1
10.140059998947738,10.124517877712373,0.01444354686652207,0.01444354686652207,30,1
10.225261190462646,10.207281010005575,0.013704446407907429,0.013704446407907429,38,1
10.278768020615349,10.262883687612346,0.013270734205238725,0.013270734205238725,46,1
10.345877153478087,10.324251475887682,0.012731616110755021,0.012731616110755021,54,1
10.320442612466413,10.298449023982744,0.012920127912326693,0.012920127912326693,66,1
10.312421187200647,10.28964233567359,0.012982105588065274,0.012982105588065274,70,1
10.314857900426512,10.288969361952544,0.012965734463642376,0.012965734463642376,82,1
10.198163892629253,10.174676274075974,0.014017196243622194,0.014017196243622194,90,1
10.06844274057462,10.043716732513065,0.015672980874490802,0.015672980874490802,102,1
9.736664456669596,9.713200953339229,0.018905381607614687,0.018905381607614687,113,1
9.734760190095832,9.715622928298748,0.018561782718886026,0.018561782718886026,122,1
9.583530260947711,9.565552332668554,0.020375989876251117,0.020375989876251117,134,1
9.527189715679615,9.509662201015912,0.021068305694532122,0.021068305694532122,142,1
9.592649072470472,9.57011070900638,0.020239926564459512,0.020239926564459512,154,1
9.695605387659336,9.680098400178611,0.019179652562166086,0.019179652562166086,163,1
9.874558183682717,9.858409991438762,0.017095806587680572,0.017095806587680572,171,1
10.026817692415758,10.011013445873674,0.01569749664715107,0.01569749664715107,179,1
10.058711510081462,10.045768409579933,0.015441710914904587,0.015441710914904587,186,1
10.13747539177514,10.125366327881432,0.014982467066152815,0.014982467066152815,192,1
10.0360212445048,10.027104998074012,0.015781464694855595,0.015781464694855595,202,1
10.032887752927873,10.025736263107646,0.015776498923386527,0.015776498923386527,214,1
10.02217485893505,10.015446632201142,0.015741831469140287,0.015741831469140287,223,1
9.839751824228689,9.831522385420943,0.0178159491515165,0.0178159491515165,237,1
9.955844719879364,9.94268781844819,0.016921019155735153,0.016921019155735153,245,1
10.122150068524904,10.10440559408041,0.014345531044725371,0.014345531044725371,255,1
10.230346133999163,10.206705613050394,0.013451977685728797,0.013451977685728797,263,1
10.414842703998081,10.386052454647468,0.012150920724495142,0.012150920724495142,275,1
10.509915612502386,10.479953927337592,0.011500725678013284,0.011500725678013284,283,1
10.606082690241184,10.577917282475546,0.0109865037077048,0.0109865037077048,291,1
10.649972481675706,10.621526908340952,0.010754922626957002,0.010754922626957002,298,1
10.708696395966369,10.683551221556847,0.010412963012840979,0.010412963012840979,306,1
10.699529188385183,10.674312686262011,0.010535567884213073,0.010535567884213073,315,1
10.549635220068538,10.526758263716241,0.011848637169440686,0.011848637169440686,325,1
10.364314310013903,10.33638135944886,0.013209199162159088,0.013209199162159088,333,1
10.360340437480534,10.336325911835067,0.013057982422944486,0.013057982422944486,347,1
10.283559616119687,10.260360278646987,0.013682411718431738,0.013682411718431738,355,1
10.32450347934412,10.299420844919995,0.013051347018705476,0.013051347018705476,368,1
10.283342805466887,10.258704833376301,0.013233057234431713,0.013233057234431713,376,1
10.076206322009828,10.052259017603877,0.015319445568177145,0.015319445568177145,389,1
10.158848598249435,10.127917343403073,-0.0,-0.0,9,1
10.346333243016176,10.314026711426779,0.013209199162159088,0.013209199162159088,13,1
10.501519433145962,10.465562003449588,0.012122506623956733,0.012122506623956733,23,1
10.459863020029584,10.427363759633556,0.012286385751738502,0.012286385751738502,32,1
10.445928046756851,10.410549636809264,0.012271822159233666,0.012271822159233666,40,1
10.382554849315557,10.35673014414844,0.012750519468298973,0.012750519468298973,43,1
10.246608473183375,10.2242927826635,0.013573358733632477,0.013573358733632477,55,1
10.296578631122207,10.275399077399225,0.013165133072314409,0.013165133072314409,63,1
10.41195828644948,10.391134876199247,0.013107977534174484,0.013107977534174484,72,1
10.350018659153148,10.333457608858899,0.013057982422944486,0.013057982422944486,82,1
10.29139455326804,10.274520156638642,0.014048145738847486,0.014048145738847486,89,1
10.290209758257356,10.266447600145288,0.01341319985534607,0.01341319985534607,98,1
10.233587674151128,10.208887419713003,0.013631289281903864,0.013631289281903864,105,1
10.312039295448557,10.281189097914858,0.013057982422944486,0.013057982422944486,113,1
10.326821240627604,10.295250506306695,0.01291688334629689,0.01291688334629689,125,1
10.318529410018222,10.288396065630796,0.01299523416583304,0.01299523416583304,135,1
10.41329298327892,10.389808376953143,0.012251494645809349,0.012251494645809349,143,1
10.4849474437289,10.463032246383479,0.012007469545465778,0.012007469545465778,151,1
10.373273710487783,10.352248058999324,0.012545806935760465,0.012545806935760465,160,1
10.462198252433774,10.435700122734527,0.012125341679720254,0.012125341679720254,172,1
10.323878437471073,10.296542565571876,0.012936376767844008,0.012936376767844008,180,1
10.287390520005305,10.262481619801337,0.013660452247866692,0.013660452247866692,188,1
10.37363242466093,10.345727520724031,0.012558014813516266,0.012558014813516266,197,1
10.394925338235801,10.370218234774537,0.012380469745617153,0.012380469745617153,210,1
10.47515004102835,10.45274422731778,0.011816330631204061,0.011816330631204061,217,1
10.461096390009864,10.439479531139304,0.01191381661091228,0.01191381661091228,225,1
10.508310364109269,10.48868079720027,0.011549094361093592,0.011549094361093592,234,1
10.570306548574631,10.550654901248235,0.011176203111033376,0.011176203111033376,242,1
10.592333197511643,10.569258933985788,0.01097501748781482,0.01097501748781482,252,1
10.644353099831674,10.619886970397085,0.010622589241890749,0.010622589241890749,259,1
10.78777980898867,10.759991606888603,0.009927186245754852,0.009927186245754852,268,1
10.66712934656882,10.638927568160453,0.01048324443473804,0.01048324443473804,275,1
10.698213168545944,10.671436729247255,0.010287342762769578,0.010287342762769578,282,1
10.704758703721991,10.679533526509323,0.010209957073017702,0.010209957073017702,293,1
10.677387246155766,10.651698183647863,0.010374121765494178,0.010374121765494178,301,1
10.69970606684316,10.673836442668295,0.010237594054141114,0.010237594054141114,308,1
10.658184523772425,10.629750026354344,0.010495751709108249,0.010495751709108249,316,1
10.636564001736401,10.612413498219947,0.010646196715122052,0.010646196715122052,324,1
10.540966866368576,10.51997780574238,0.011647140107882011,0.011647140107882011,332,1
10.497501434937135,10.477707096911537,0.011597897170416123,0.011597897170416123,345,1
10.46940561895681,10.448593993105453,0.011800247425370228,0.011800247425370228,354,1
10.42079219828213,10.404170243118301,0.012128178144678545,0.012128178144678545,362,1
10.412823332116687,10.397341348963941,0.012239911014205967,0.012239911014205967,370,1
10.428388593487389,10.413076742017637,0.012122506623956733,0.012122506623956733,378,1
10.374155282650715,10.359925318243707,0.009759025662231122,0.009759025662231122,289,1
10.445350816459078,10.424118363610612,0.012015808215503125,0.012015808215503125,103,1
10.509961473079251,10.487448035730495,0.01154398258026907,0.01154398258026907,12,1
10.625671433420354,10.604030249983685,0.011009552893632136,0.011009552893632136,20,1
10.507832578891728,10.48752678980625,0.01155677105355435,0.01155677105355435,26,1
10.504460619982252,10.482609725241225,0.011572157000918978,0.011572157000918978,34,1
10.516232287081131,10.497308227173415,0.01148301389439814,0.01148301389439814,42,1
10.447968580266256,10.428653071065613,0.011968717746494965,0.011968717746494965,54,1
10.36512734953034,10.342987305368721,0.012585575076250046,0.012585575076250046,62,1
10.32550753224971,10.302969014675748,0.012946146952715013,0.012946146952715013,74,1
10.264577726842312,10.247688841829895,0.013378152960519238,0.013378152960519238,83,1
10.135376601052554,10.122046249781826,0.01447653636268906,0.01447653636268906,92,1
10.119406573145273,10.104245874656202,0.014593273489270107,0.014593273489270107,100,1
10.163168395937975,10.144915972925126,0.014248919791270383,0.014248919791270383,110,1
10.174508735362974,10.152251918470032,0.01416946121387646,0.01416946121387646,119,1
10.060687397366728,10.044167485336066,0.015148961925075382,0.015148961925075382,131,1
10.181297526886187,10.166453963316908,0.014098749978600764,0.014098749978600764,139,1
10.27928920865092,10.264331230411898,0.013277609087628102,0.013277609087628102,147,1
10.347510167200621,10.333264271802106,0.012725328222157722,0.012725328222157722,155,1
10.388068769049747,10.37340453558752,0.012437060368767064,0.012437060368767064,162,1
10.44644200004961,10.42535925487753,0.011985293079251823,0.011985293079251823,171,1
10.46106148020222,10.433685850528807,0.011878416806588132,0.011878416806588132,179,1
10.380032706936802,10.352091996552149,0.012479111858965393,0.012479111858965393,189,1
10.428017528082076,10.400690821006537,0.012119672976314732,0.012119672976314732,195,1
10.531570464068897,10.502433799785068,0.011382904512929287,0.011382904512929287,203,1
10.512530925498261,10.486771069270446,0.011510872775383412,0.011510872775383412,211,1
10.492527757103977,10.463331222573782,0.011652349426565858,0.011652349426565858,221,1
10.471593080619037,10.437862839591611,0.011808283211264032,0.011808283211264032,229,1
10.503631263971634,10.469586757541673,0.011592739411381416,0.011592739411381416,242,1
10.474004394404451,10.44655885383045,0.01179222324775742,0.01179222324775742,248,1
10.460502047280933,10.435936557834038,0.011892005640913679,0.011892005640913679,256,1
10.567753864026077,10.54376468931266,0.011145290064215083,0.011145290064215083,264,1
10.493588179900575,10.467752150236672,0.01165495594231246,0.01165495594231246,272,1
10.499706764994407,10.471287815327319,0.01161081291887934,0.01161081291887934,280,1
10.528095388027864,10.500997256446569,0.01142022762172585,0.01142022762172585,289,1
10.547892770019134,10.522662808097772,0.011277332693774624,0.011277332693774624,295,1
10.537996073868111,10.514439684454755,0.011343377616787949,0.011343377616787949,303,1
10.510342442962505,10.490899623180576,0.011528676029551705,0.011528676029551705,310,1
10.558823871569622,10.53887584030642,0.011231343872279195,0.011231343872279195,324,1
10.573355616075219,10.55183477698166,0.011098084389804766,0.011098084389804766,332,1
10.488991289906163,10.465588999758847,0.011678470438803575,0.011678470438803575,340,1
10.515157054543103,10.492456935772688,0.011498191871349603,0.011498191871349603,351,1
10.527062409121088,10.49935290317655,0.011407757737461138,0.011407757737461138,359,1
10.496923541973233,10.47373282872887,0.011618577043979087,0.011618577043979087,366,1
10.48609062806478,10.473085417438023,0.011694202842369664,0.011694202842369664,374,1
10.513954196750166,10.499238599562954,0.011508334218728955,0.011508334218728955,383,1
10.51869431023818,10.50084015619777,0.011503260670896619,0.011503260670896619,105,1
10.555322882363058,10.53184575362153,0.011221712706483368,0.011221712706483368,13,1
10.565895117122068,10.537507151769573,0.011147661544171052,0.011147661544171052,21,1
10.577752229719298,10.55337922470404,0.011072301741413172,0.011072301741413172,29,1
10.590024584392049,10.561761865334129,0.0109865037077048,0.0109865037077048,34,1
10.593652847758854,10.568522534302796,0.010965846851675305,0.010965846851675305,42,1
10.538060216961313,10.503530165305879,0.011353231991486478,0.011353231991486478,50,1
10.507167683790952,10.471385665554624,0.01156958965550939,0.01156958965550939,58,1
10.486284871221764,10.460798016199021,0.011720523808441446,0.011720523808441446,65,1
10.422837840630889,10.40175115828677,0.012176614700991337,0.012176614700991337,77,1
10.288239595096147,10.269126433782699,0.013219412842165306,0.013219412842165306,85,1
10.305712557042357,10.283916515266029,0.013074602357257077,0.013074602357257077,94,1
10.285163193054187,10.265175344880724,0.013236473013027137,0.013236473013027137,102,1
10.278359329319967,10.255986334134246,0.013287935623504983,0.013287935623504983,110,1
10.265068394099867,10.244671373156002,0.01337465897735409,0.01337465897735409,118,1
10.32805787361263,10.305639516944233,0.012871640608945398,0.012871640608945398,130,1
10.356576213866683,10.334721705638707,0.012644182208755015,0.012644182208755015,140,1
10.362178024379538,10.338481967842894,0.012604020126546265,0.012604020126546265,150,1
10.435724794972279,10.408712998836156,0.012057686824808497,0.012057686824808497,158,1
10.551596902165063,10.525188669390294,0.011243407543295869,0.011243407543295869,167,1
10.520490141713958,10.491902568983148,0.011465359944759588,0.011465359944759588,176,1
10.523133791567775,10.489855476297189,0.011450273799942668,0.011450273799942668,186,1
10.52124833462441,10.494351895298871,0.011450273799942668,0.011450273799942668,194,1
10.534725852913187,10.505881468231292,0.011355698426662435,0.011355698426662435,202,1
10.505671479063578,10.478040602247583,0.011561894872806821,0.011561894872806821,210,1
10.447835808965456,10.42056755993488,0.011979762551754949,0.011979762551754949,217,1
10.442790651117997,10.428847876869504,0.012013027292052227,0.012013027292052227,230,1
10.373500296787666,10.355487996548893,0.012700242537312695,0.012700242537312695,238,1
10.314821960113742,10.299324712684362,0.012988666350379515,0.012988666350379515,245,1
10.271964539656603,10.251310665191811,0.013325946161289353,0.013325946161289353,257,1
10.282783842088202,10.265136377909677,0.013257007122597562,0.013257007122597562,265,1
10.323442464325147,10.301417120732497,0.012936376767844008,0.012936376767844008,273,1
10.341818632070916,10.319896228710515,0.012801221381239826,0.012801221381239826,281,1
10.423107513776669,10.400034606735613,0.012170894955535349,0.012170894955535349,289,1
10.44491420653053,10.42485782689342,0.012001917259104518,0.012001917259104518,297,1
10.477092171352005,10.457789341283975,0.011762900164155893,0.011762900164155893,302,1
10.51344914624512,10.491593709446454,0.011508334218728955,0.011508334218728955,310,1
10.570983438279468,10.548787643550229,0.011121634046635336,0.011121634046635336,322,1
10.616971377834307,10.59682733064332,0.010810174771247657,0.010810174771247657,330,1
10.643398016322958,10.620270672455076,0.010633306123121541,0.010633306123121541,338,1
10.652798733742667,10.63019683005518,0.010582073308684723,0.010582073308684723,348,1
10.64729733227792,10.61974085691923,0.01061830890571911,0.01061830890571911,356,1
10.577056281181337,10.546685075875303,0.011074640362474537,0.011074640362474537,364,1
10.603145287517883,10.572680283345779,0.010915697714891735,0.010915697714891735,375,1
10.50901420119954,10.48292182824762,0.008997684460208705,0.008997684460208705,286,1
10.547397417259663,10.527100306430782,0.01128706556269123,0.01128706556269123,98,1
10.509805285694785,10.492771914003933,0.01155677105355435,0.01155677105355435,13,1
10.563359319726157,10.542488771657975,0.01118336276756813,0.01118336276756813,24,1
10.521936506500321,10.503030209335034,0.011551652054883298,0.011551652054883298,32,1
10.439428038557223,10.4223294046489,0.012043692868732095,0.012043692868732095,38,1
10.377807961251387,10.353267020227927,0.012515397299745663,0.012515397299745663,49,1
10.238574185853894,10.21489140460914,0.013602258415679996,0.013602258415679996,61,1
10.27314316057691,10.24819589187038,0.013664106952809885,0.013664106952809885,69,1
10.339921520466367,10.317801802783771,0.012817153755664853,0.012817153755664853,77,1
10.199849369927163,10.182022328024908,0.014145807099257984,0.014145807099257984,88,1
10.159048651343781,10.134753048301826,0.014321247765635809,0.014321247765635809,95,1
10.264464350301722,10.24410058911539,0.013402665301028672,0.013402665301028672,103,1
10.30500364151048,10.284848481005515,0.013332882026241562,0.013332882026241562,111,1
10.334249008214234,10.30635658087351,0.012884532696821407,0.012884532696821407,123,1
10.39382626176112,10.364922091502889,0.012404230550653981,0.012404230550653981,128,1
10.370698695162652,10.339656549588593,0.012576374047735905,0.012576374047735905,136,1
10.40204839616122,10.369521731078233,0.012619434954145158,0.012619434954145158,146,1
10.282689095377131,10.253771993213748,0.013645854194858814,0.013645854194858814,156,1
10.433041136165738,10.405528714560019,0.012260197669606879,0.012260197669606879,164,1
10.377014587089482,10.35181305622553,0.012536667566683353,0.012536667566683353,173,1
10.319684773979239,10.296853026577509,0.01296900517644377,0.01296900517644377,181,1
10.292912196220506,10.271554360147416,0.013367676829289622,0.013367676829289622,189,1
10.184207606388266,10.167570507450847,0.014079240976599246,0.014079240976599246,201,1
10.20101143996489,10.187287890217787,0.013913803940462675,0.013913803940462675,209,1
10.283492615374467,10.265510353225764,0.013253580068086931,0.013253580068086931,217,1
10.381317849699194,10.36217927887039,0.012470075402947204,0.012470075402947204,226,1
10.574956811279614,10.5549003173776,0.011296816287090453,0.011296816287090453,236,1
10.369577352092419,10.344783039008915,0.012558014813516266,0.012558014813516266,244,1
10.320115877516738,10.295942541088609,0.012962465503995838,0.012962465503995838,255,1
10.305621956014617,10.281310469428512,0.013523097228578924,0.013523097228578924,263,1
10.440926570362022,10.416994849403006,0.012040898217239901,0.012040898217239901,272,1
10.48295699773593,10.459735508495692,0.0117284446583722,0.0117284446583722,280,1
10.514113310571888,10.48986898856989,0.011510872775383412,0.011510872775383412,288,1
10.54414990141876,10.519340001499069,0.011323723257537813,0.011323723257537813,299,1
10.491885731927582,10.468891784321082,0.011824389711032843,0.011824389711032843,308,1
10.496663625358003,10.471536096628428,0.01163413842724063,0.01163413842724063,319,1
10.406838025407676,10.38514113409731,0.012497226589961403,0.012497226589961403,328,1
10.459009096236075,10.440442177803341,0.0183331745180335,0.0183331745180335,340,1
10.522954822587637,10.505497745948741,0.013151637081866306,0.013151637081866306,348,1
10.377114260371313,10.359926862025816,0.010695919509080507,0.010695919509080507,363,1
10.358759041202566,10.342135898713494,0.012637985728751522,0.012637985728751522,374,1
10.373733516736781,10.355303659990016,0.01251843121238961,0.01251843121238961,383,1
10.38437376986078,10.365648939223778,0.012551907720146237,0.012551907720146237,390,1
10.305888095001013,10.289806263660978,0.013051347018705476,0.013051347018705476,103,1
10.481172557221566,10.461708831921648,0.011808283211264032,0.011808283211264032,12,1
10.642501033001604,10.61945567075848,0.010888548275025584,0.010888548275025584,20,1
10.65996317309844,10.633483326608514,0.010866032995119911,0.010866032995119911,32,1
10.722563671970153,10.69542047830689,0.01048324443473804,0.01048324443473804,39,1
10.724446182485584,10.697263826637949,0.01048116296358512,0.01048116296358512,46,1
10.525908516122662,10.500884911053715,0.011465359944759588,0.011465359944759588,54,1
10.48322733750314,10.46761641679313,0.011765559497378753,0.011765559497378753,65,1
10.480147401048608,10.460366860368794,0.01177887534484614,0.01177887534484614,73,1
10.461395972494328,10.440911793138946,0.011911085592695912,0.011911085592695912,81,1
10.421253312487135,10.40313495409749,0.012196678871707453,0.012196678871707453,88,1
10.375066821635592,10.359126945007903,0.012554960477583078,0.012554960477583078,95,1
10.43616105754957,10.421134685089928,0.012082963209760694,0.012082963209760694,107,1
10.432613871297194,10.415223078818252,0.012082963209760694,0.012082963209760694,117,1
10.476183374095577,10.459540762790198,0.011762900164155893,0.011762900164155893,125,1
10.519321622725087,10.497209899837001,0.01148301389439814,0.01148301389439814,133,1
10.505607784148506,10.481735985620203,0.01156702351960288,0.01156702351960288,145,1
10.477618082411087,10.452697419356872,0.012105525822446542,0.012105525822446542,148,1
10.540638725076262,10.521726311274774,0.011326176096750573,0.011326176096750573,162,1
10.522613310701391,10.500285209752251,0.01156958965550939,0.01156958965550939,171,1
10.444031368784172,10.42079577361548,0.012173754114459338,0.012173754114459338,182,1
10.390412836024916,10.371630507314777,0.01240125515095873,0.01240125515095873,189,1
10.427817189065308,10.40016058260419,0.012148072947213723,0.012148072947213723,197,1
10.373812556230126,10.352576315088173,0.012573310214488601,0.012573310214488601,205,1
10.353259943389437,10.328257674677744,0.012731616110755021,0.012731616110755021,213,1
10.385267451736283,10.358225322539957,0.012446046033186865,0.012446046033186865,221,1
10.516588400113324,10.486667609009784,0.011754929820097546,0.011754929820097546,229,1
10.434920228448084,10.40832130188713,0.01207452524716262,0.01207452524716262,236,1
10.478551091773067,10.45200500590127,0.011760242107494108,0.011760242107494108,245,1
10.52489689058832,10.496093774516536,0.01144023976844849,0.01144023976844849,255,1
10.530789296386935,10.501916629366606,0.011390348398525275,0.011390348398525275,263,1
10.54129300936012,10.511636721760894,0.011318820961742998,0.011318820961742998,271,1
10.542037450240386,10.51267946863495,0.011313923170827741,0.011313923170827741,279,1
10.544209329920253,10.514626340115397,0.011294376929293744,0.011294376929293744,287,1
10.514462077877573,10.488014544129284,0.011498191871349603,0.011498191871349603,295,1
10.550454937215727,10.521915746564662,0.011250658963478198,0.011250658963478198,304,1
10.514462077877573,10.490032707600525,0.011498191871349603,0.011498191871349603,311,1
10.519829024596813,10.493572698741453,0.011462842656220265,0.011462842656220265,319,1
10.521027112788875,10.493982216568275,0.011452785229133037,0.011452785229133037,328,1
10.526842044889017,10.504126860148288,0.011410249400456894,0.011410249400456894,336,1
10.521343725105696,10.498267139354082,0.011442746525199221,0.011442746525199221,344,1
10.557321090765557,10.526622857547691,0.011200106570791641,0.011200106570791641,352,1
10.590654280982431,10.566262204731313,0.01097501748781482,0.01097501748781482,364,1
10.627044844089534,10.601601030185675,0.010732989219279947,0.010732989219279947,372,1
10.610268892764243,10.585335470553707,0.010843616325243935,0.010843616325243935,379,1
10.645016999271009,10.620669434942405,0.010620448616097199,0.010620448616097199,96,1
10.676575705658157,10.642645678675358,0.010419124075888034,0.010419124075888034,12,1
10.668068708686356,10.638147314261978,0.010472845842691265,0.010472845842691265,19,1
10.71096966850206,10.681094552528823,0.010207989058920603,0.010207989058920603,27,1
10.747768949301637,10.717608535198048,0.009981278901949456,0.009981278901949456,35,1
10.700745611462887,10.668244495977703,0.010273361479933931,0.010273361479933931,43,1
10.653029215266907,10.630431753739106,0.010577827542879514,0.010577827542879514,51,1
10.603383360684088,10.580920179471745,0.01091116283137599,0.01091116283137599,59,1
10.578660395790076,10.555275217384327,0.011067627643541817,0.011067627643541817,67,1
10.54213110043206,10.514210601865273,0.011331085161783666,0.011331085161783666,75,1
10.478454561669121,10.448185643591874,0.01176822010810294,0.01176822010810294,85,1
10.483377241127707,10.448628395641462,0.011736376888121913,0.011736376888121913,95,1
10.48692888293614,10.449825691544962,0.01169945698667172,0.01169945698667172,103,1
10.377705836056826,10.338269341423498,0.01251236494944469,0.01251236494944469,111,1
10.35424794682776,10.319015265152295,0.012706504099265046,0.012706504099265046,120,1
10.385063050290164,10.358267802980203,0.012464058820862642,0.012464058820862642,129,1
10.373978847095797,10.345628477218332,0.012545806935760465,0.012545806935760465,137,1
10.416588161352415,10.38218713601018,0.012225464159753863,0.012225464159753863,151,1
10.430335768954944,10.39946642365069,0.012128178144678545,0.012128178144678545,159,1
10.405098751243804,10.375873160891942,0.012312692993086613,0.012312692993086613,169,1
10.388992759100883,10.363652508838895,0.01248514389909629,0.01248514389909629,177,1
10.410311388536236,10.384372758113448,0.012274731942362446,0.012274731942362446,185,1
10.523764660786153,10.49982431381124,0.0114452544488097,0.0114452544488097,193,1
10.57753960645924,10.554414237500696,0.011074640362474537,0.011074640362474537,200,1
10.543248210338795,10.516894628908487,0.011301698360795198,0.011301698360795198,211,1
10.624467258478616,10.599367402742464,0.010754922626957002,0.010754922626957002,219,1
10.592663998366422,10.562024477184558,0.010963556734060607,0.010963556734060607,225,1
10.55563156131833,10.527556186386281,0.01121209906183412,0.01121209906183412,233,1
10.595658858366066,10.566591522424252,0.010940711279605112,0.010940711279605112,239,1
10.577627934588296,10.548741749390057,0.011076980032580477,0.011076980032580477,247,1
10.470096137912476,10.442414264770695,0.011797571410960463,0.011797571410960463,255,1
10.354178028610932,10.32736490342626,0.012700242537312695,0.012700242537312695,263,1
10.177645593167373,10.154581424373422,0.014161567163596095,0.014161567163596095,271,1
10.00465542372602,9.986059036062695,0.015731956255646606,0.015731956255646606,279,1
9.684210879998348,9.670380898588023,0.019097229502961326,0.019097229502961326,287,1
9.401109540850094,9.386921071785775,0.022658871367063262,0.022658871367063262,295,1
9.096084021154857,9.081829234434233,0.027219234594944297,0.027219234594944297,303,1
8.905868316871574,8.898598404743272,0.03182470247579214,0.03182470247579214,311,1
8.017121965065847,8.01123961212467,0.05204608477482437,0.05204608477482437,319,1
7.597639116104444,7.589623084040316,0.06733301153234847,0.06733301153234847,327,1
6.462653084188256,6.44396149540321,0.13402979616803595,0.13402979616803595,335,1
3.5503407095463886,3.368522527728207,0.6840384356390417,0.6840384356390417,343,1
1.0,-0.0,-0.0,-0.0,351,0
1.0,-0.0,-0.0,-0.0,359,0
1.0,-0.0,-0.0,-0.0,371,0
1.0,-0.0,-0.0,-0.0,375,0
1.0,-0.0,-0.0,-0.0,98,0
1.9182958340544893,-0.0,-0.0,-0.0,11,0
1.9182958340544893,-0.0,-0.0,-0.0,19,0
1.9182958340544896,-0.0,-0.0,-0.0,31,0
1.9182958340544893,-0.0,-0.0,-0.0,43,0
1.9182958340544896,-0.0,-0.0,-0.0,55,0
1.9182958340544893,-0.0,-0.0,-0.0,65,0
2.378783493486176,-0.0,-0.0,-0.0,79,0
2.378783493486176,-0.0,-0.0,-0.0,107,0
2.378783493486176,-0.0,-0.0,-0.0,135,0
2.3787834934861753,-0.0,-0.0,-0.0,155,0
2.378783493486176,-0.0,-0.0,-0.0,183,0
2.378783493486176,-0.0,-0.0,-0.0,211,0
2.3787834934861753,-0.0,-0.0,-0.0,239,0
2.378783493486176,-0.0,-0.0,-0.0,267,0
2.378783493486176,-0.0,-0.0,-0.0,295,0
2.378783493486176,-0.0,-0.0,-0.0,321,0
2.8464393446710154,-0.0,-0.0,-0.0,357,0
2.8464393446710154,-0.0,-0.0,-0.0,397,0
2.8464393446710154,-0.0,-0.0,-0.0,437,0
2.846439344671015,-0.0,-0.0,-0.0,477,0
2.846439344671015,-0.0,-0.0,-0.0,517,0
2.846439344671015,-0.0,-0.0,-0.0,555,0
2.8464393446710154,-0.0,-0.0,-0.0,595,0
2.846439344671015,-0.0,-0.0,-0.0,635,0
2.846439344671015,-0.0,-0.0,-0.0,675,0
2.8464393446710154,-0.0,-0.0,-0.0,715,0
2.8464393446710154,-0.0,-0.0,-0.0,755,0
2.846439344671015,-0.0,-0.0,-0.0,795,0
2.846439344671015,-0.0,-0.0,-0.0,835,0
2.846439344671015,-0.0,-0.0,-0.0,875,0
2.846439344671015,-0.0,-0.0,-0.0,915,0
2.8464393446710154,-0.0,-0.0,-0.0,955,0
2.846439344671015,-0.0,-0.0,-0.0,995,0
2.846439344671015,-0.0,-0.0,-0.0,1029,0
2.846439344671015,-0.0,-0.0,-0.0,1069,0
2.846439344671015,-0.0,-0.0,-0.0,1109,0
2.846439344671015,-0.0,-0.0,-0.0,1149,0
2.8464393446710154,-0.0,-0.0,-0.0,1189,0
2.846439344671015,-0.0,-0.0,-0.0,1229,0
2.846439344671015,-0.0,-0.0,-0.0,1269,0
2.846439344671015,-0.0,-0.0,-0.0,1309,0
2.8464393446710154,-0.0,-0.0,-0.0,1345,0
2.846439344671015,-0.0,-0.0,-0.0,1389,0
2.846439344671015,-0.0,-0.0,-0.0,1429,0
2.846439344671015,-0.0,-0.0,-0.0,1469,0
2.846439344671015,-0.0,-0.0,-0.0,1509,0
2.8464393446710154,-0.0,-0.0,-0.0,1549,0
2.846439344671015,-0.0,-0.0,-0.0,1595,0
2.846439344671015,-0.0,-0.0,-0.0,1635,0
2.846439344671015,-0.0,-0.0,-0.0,1180,0
2.8464393446710154,-0.0,-0.0,-0.0,1121,0
2.846439344671015,-0.0,-0.0,-0.0,1157,0
2.846439344671015,-0.0,-0.0,-0.0,1189,0
2.8464393446710154,-0.0,-0.0,-0.0,1229,0
2.8464393446710154,-0.0,-0.0,-0.0,1281,0
2.8464393446710154,-0.0,-0.0,-0.0,1321,0
2.846439344671015,-0.0,-0.0,-0.0,577,0
2.846439344671015,-0.0,-0.0,-0.0,609,0
2.8464393446710154,-0.0,-0.0,-0.0,649,0
2.8464393446710154,-0.0,-0.0,-0.0,701,0
2.846439344671015,-0.0,-0.0,-0.0,739,0
2.8464393446710154,-0.0,-0.0,-0.0,779,0
2.8464393446710154,-0.0,-0.0,-0.0,815,0
2.846439344671015,-0.0,-0.0,-0.0,855,0
2.846439344671015,-0.0,-0.0,-0.0,901,0
2.8464393446710154,-0.0,-0.0,-0.0,349,0
2.8464393446710154,-0.0,-0.0,-0.0,381,0
2.846439344671015,-0.0,-0.0,-0.0,421,0
2.846439344671015,-0.0,-0.0,-0.0,461,0
2.846439344671015,-0.0,-0.0,-0.0,501,0
2.846439344671015,-0.0,-0.0,-0.0,541,0
2.846439344671015,-0.0,-0.0,-0.0,581,0
2.846439344671015,-0.0,-0.0,-0.0,621,0
2.846439344671015,-0.0,-0.0,-0.0,661,0
2.8464393446710154,-0.0,-0.0,-0.0,701,0
2.8464393446710154,-0.0,-0.0,-0.0,741,0
2.846439344671015,-0.0,-0.0,-0.0,781,0
2.846439344671015,-0.0,-0.0,-0.0,821,0
2.8464393446710154,-0.0,-0.0,-0.0,861,0
2.846439344671015,-0.0,-0.0,-0.0,901,0
2.8464393446710154,-0.0,-0.0,-0.0,941,0
2.846439344671015,-0.0,-0.0,-0.0,981,0
2.846439344671015,-0.0,-0.0,-0.0,1021,0
2.846439344671015,-0.0,-0.0,-0.0,1061,0
2.846439344671015,-0.0,-0.0,-0.0,1101,0
2.846439344671015,-0.0,-0.0,-0.0,1141,0
2.846439344671015,-0.0,-0.0,-0.0,1175,0
2.846439344671015,-0.0,-0.0,-0.0,1215,0
2.846439344671015,-0.0,-0.0,-0.0,1255,0
2.846439344671015,-0.0,-0.0,-0.0,1301,0
2.846439344671015,-0.0,-0.0,-0.0,1341,0
2.846439344671015,-0.0,-0.0,-0.0,1381,0
2.846439344671015,-0.0,-0.0,-0.0,1421,0
2.8464393446710154,-0.0,-0.0,-0.0,1461,0
2.846439344671015,-0.0,-0.0,-0.0,1501,0
2.8464393446710154,-0.0,-0.0,-0.0,1541,0
2.846439344671015,-0.0,-0.0,-0.0,1581,0
2.8464393446710154,-0.0,-0.0,-0.0,1621,0
2.5304930567574826,-0.0,-0.0,-0.0,1172,0
2.846439344671015,-0.0,-0.0,-0.0,1211,0
2.8464393446710154,-0.0,-0.0,-0.0,1153,0
2.8464393446710154,-0.0,-0.0,-0.0,1193,0
2.846439344671015,-0.0,-0.0,-0.0,1233,0
2.846439344671015,-0.0,-0.0,-0.0,1273,0
2.8464393446710154,-0.0,-0.0,-0.0,1313,0
2.846439344671015,-0.0,-0.0,-0.0,562,0
2.8464393446710154,-0.0,-0.0,-0.0,602,0
2.846439344671015,-0.0,-0.0,-0.0,634,0
2.846439344671015,-0.0,-0.0,-0.0,674,0
2.846439344671015,-0.0,-0.0,-0.0,714,0
2.846439344671015,-0.0,-0.0,-0.0,754,0
2.846439344671015,-0.0,-0.0,-0.0,790,0
2.846439344671015,-0.0,-0.0,-0.0,830,0
2.846439344671015,-0.0,-0.0,-0.0,868,0
2.378783493486176,-0.0,-0.0,-0.0,338,0
2.846439344671015,-0.0,-0.0,-0.0,363,0
2.8464393446710154,-0.0,-0.0,-0.0,401,0
2.8464393446710154,-0.0,-0.0,-0.0,441,0
2.846439344671015,-0.0,-0.0,-0.0,481,0
2.846439344671015,-0.0,-0.0,-0.0,521,0
3.073934896284056,0.8166890883150209,0.8166890883150209,0.6500224216483541,132899,0
3.073934896284056,0.8166890883150209,0.8166890883150209,0.6500224216483541,405977,0
3.073934896284056,0.8166890883150209,0.8166890883150209,0.6500224216483541,660197,0
3.073934896284056,0.8166890883150209,0.8166890883150209,0.6500224216483541,942869,0
3.0739348962840563,0.8166890883150209,0.8166890883150209,0.6500224216483541,1167899,0
3.073934896284056,0.8166890883150209,0.8166890883150209,0.6500224216483541,1290893,0
3.073934896284056,0.8166890883150209,0.8166890883150209,0.6500224216483541,1290939,0
3.0530900835303276,1.2916919971380596,1.2916919971380594,0.863120568566631,1377241,0
3.0530900835303276,1.2916919971380596,1.2916919971380594,0.863120568566631,1612779,0
3.0530900835303276,1.2916919971380596,1.2916919971380594,0.863120568566631,1827945,0
3.053090083530327,1.2916919971380596,1.2916919971380594,0.863120568566631,2061538,0
3.0530900835303276,1.2916919971380596,1.2916919971380594,0.863120568566631,2342489,0
3.0530900835303276,1.2916919971380596,1.2916919971380594,0.863120568566631,2628605,0
3.0530900835303276,1.2916919971380596,1.2916919971380594,0.863120568566631,2628645,0
3.0530900835303276,1.2916919971380596,1.2916919971380594,0.863120568566631,2628685,0
3.073934896284056,0.8166890883150209,0.8166890883150209,0.6500224216483541,1338593,0
3.073934896284056,0.8166890883150209,0.8166890883150209,0.6500224216483541,1338633,0
3.073934896284056,0.8166890883150209,0.8166890883150209,0.6500224216483541,1338673,0
3.0739348962840563,0.8166890883150209,0.8166890883150209,0.6500224216483541,1338715,0
3.073934896284056,0.8166890883150209,0.8166890883150209,0.6500224216483541,1338755,0
3.073934896284056,0.8166890883150209,0.8166890883150209,0.6500224216483541,1338795,0
3.073934896284056,0.8166890883150209,0.8166890883150209,0.6500224216483541,1338833,0
2.8464393446710154,-0.0,-0.0,-0.0,1441,0
2.846439344671015,-0.0,-0.0,-0.0,1481,0
2.846439344671015,-0.0,-0.0,-0.0,1521,0
2.8464393446710154,-0.0,-0.0,-0.0,1561,0
3.188721875540867,0.8166890883150209,0.8166890883150209,0.6500224216483541,2151,0
3.188721875540867,0.8166890883150209,0.8166890883150209,0.6500224216483541,292075,0
2.9362600275315276,0.8658566174572235,0.8658566174572235,0.6840384356390417,596388,0
3.188721875540867,0.8166890883150209,0.8166890883150209,0.6500224216483541,823607,0
3.7191141410805906,0.10533808638039133,0.10533808638039133,0.09339778787292866,1030449,0
3.9716306679158313,0.05851613204562501,0.05851613204562501,0.05256375109324406,1136423,0
4.104620929215316,0.03958421922176263,0.03958421922176263,0.035810634316102256,1136463,0
4.13846476386058,0.03127460836408312,0.03127460836408312,0.02840104514569232,1136503,0
4.150224134804366,0.025505486556427294,0.025505486556427294,0.02323275928370002,1135756,0
4.154982301635953,0.024124946705071038,0.024124946705071038,0.02199275054302413,1135796,0
4.154982301635953,0.024124946705071038,0.024124946705071038,0.02199275054302413,1137302,0
4.154982301635953,0.024124946705071038,0.024124946705071038,0.02199275054302413,1137746,0
4.154982301635953,0.024124946705071038,0.024124946705071038,0.02199275054302413,1137786,0
4.154982301635953,0.024124946705071038,0.024124946705071038,0.02199275054302413,1137826,0
4.154982301635953,0.024124946705071038,0.024124946705071038,0.02199275054302413,1137866,0
4.155185412193895,-0.0,-0.0,-0.0,2712,0
4.155185412193895,-0.0,-0.0,-0.0,2752,0
4.155185412193895,-0.0,-0.0,-0.0,2792,0
4.155185412193895,-0.0,-0.0,-0.0,2234,0
4.14800687918005,-0.0,-0.0,-0.0,1948,0
2.8464393446710154,-0.0,-0.0,-0.0,462,0
2.8464393446710154,-0.0,-0.0,-0.0,502,0
2.846439344671015,-0.0,-0.0,-0.0,542,0
2.846439344671015,-0.0,-0.0,-0.0,582,0
2.8464393446710154,-0.0,-0.0,-0.0,622,0
2.846439344671015,-0.0,-0.0,-0.0,662,0
2.846439344671015,-0.0,-0.0,-0.0,702,0
2.846439344671015,-0.0,-0.0,-0.0,742,0
2.846439344671015,-0.0,-0.0,-0.0,782,0
3.410217055529022,-0.0,-0.0,-0.0,822,0
3.9580398133106756,-0.0,-0.0,-0.0,880,0
4.104476386970108,-0.0,-0.0,-0.0,920,0
4.145112706328809,-0.0,-0.0,-0.0,960,0
4.154534781020968,-0.0,-0.0,-0.0,1000,0
4.155185412193895,-0.0,-0.0,-0.0,1042,0
4.155185412193895,-0.0,-0.0,-0.0,2200,0
4.155185412193895,-0.0,-0.0,-0.0,2994,0
4.155185412193895,-0.0,-0.0,-0.0,4162,0
4.155185412193895,-0.0,-0.0,-0.0,5272,0
4.155185412193895,-0.0,-0.0,-0.0,6858,0
4.155185412193895,-0.0,-0.0,-0.0,8472,0
4.155185412193895,-0.0,-0.0,-0.0,9968,0
4.155185412193895,-0.0,-0.0,-0.0,10708,0
4.155185412193895,-0.0,-0.0,-0.0,11544,0
4.155185412193895,-0.0,-0.0,-0.0,12674,0
4.155185412193895,-0.0,-0.0,-0.0,14498,0
4.155185412193895,-0.0,-0.0,-0.0,14626,0
4.155185412193895,-0.0,-0.0,-0.0,16538,0
4.155185412193895,-0.0,-0.0,-0.0,17974,0
4.155185412193895,-0.0,-0.0,-0.0,19124,0
4.155185412193895,-0.0,-0.0,-0.0,20402,0
4.155185412193895,-0.0,-0.0,-0.0,21758,0
4.155185412193895,-0.0,-0.0,-0.0,22748,0
4.155185412193895,-0.0,-0.0,-0.0,23592,0
4.155185412193895,-0.0,-0.0,-0.0,23638,0
4.155185412193895,-0.0,-0.0,-0.0,23678,0
4.155185412193895,-0.0,-0.0,-0.0,23716,0
4.155185412193895,-0.0,-0.0,-0.0,23758,0
4.155185412193895,-0.0,-0.0,-0.0,22895,0
4.155185412193895,-0.0,-0.0,-0.0,22935,0
4.155185412193895,-0.0,-0.0,-0.0,22975,0
4.155185412193895,-0.0,-0.0,-0.0,23015,0
3.184355812072727,-0.0,-0.0,-0.0,2151,0
2.846439344671015,-0.0,-0.0,-0.0,871,0
2.8464393446710154,-0.0,-0.0,-0.0,911,0
2.846439344671015,-0.0,-0.0,-0.0,951,0
2.8464393446710154,-0.0,-0.0,-0.0,991,0
2.846439344671015,-0.0,-0.0,-0.0,362,0
2.846439344671015,-0.0,-0.0,-0.0,396,0
2.846439344671015,-0.0,-0.0,-0.0,436,0
2.846439344671015,-0.0,-0.0,-0.0,476,0
2.846439344671015,-0.0,-0.0,-0.0,516,0
2.846439344671015,-0.0,-0.0,-0.0,556,0
2.846439344671015,-0.0,-0.0,-0.0,596,0
2.846439344671015,-0.0,-0.0,-0.0,636,0
2.846439344671015,-0.0,-0.0,-0.0,676,0
2.846439344671015,-0.0,-0.0,-0.0,716,0
2.846439344671015,-0.0,-0.0,-0.0,756,0
2.846439344671015,-0.0,-0.0,-0.0,796,0
2.846439344671015,-0.0,-0.0,-0.0,822,0
2.846439344671015,-0.0,-0.0,-0.0,876,0
2.846439344671015,-0.0,-0.0,-0.0,916,0
2.8464393446710154,-0.0,-0.0,-0.0,956,0
2.846439344671015,-0.0,-0.0,-0.0,996,0
2.846439344671015,-0.0,-0.0,-0.0,1036,0
2.846439344671015,-0.0,-0.0,-0.0,1076,0
2.846439344671015,-0.0,-0.0,-0.0,1116,0
2.846439344671015,-0.0,-0.0,-0.0,1144,0
2.846439344671015,-0.0,-0.0,-0.0,1184,0
2.8464393446710154,-0.0,-0.0,-0.0,1222,0
2.8464393446710154,-0.0,-0.0,-0.0,1262,0
2.846439344671015,-0.0,-0.0,-0.0,1302,0
2.846439344671015,-0.0,-0.0,-0.0,1342,0
2.846439344671015,-0.0,-0.0,-0.0,1382,0